ORIGINAL,TRANSLATED
"For any generator $p = (a, b)$ in $\alpha \times \text{Bool}$, there is no one-step reduction from the singleton word $[p]$ to any other word $L$ in the free group construction.","**Theorem:** For any set $\alpha$, let $S = \alpha \times \{\mathrm{true}, \mathrm{false}\}$, $X = \bigvee_{s \in S} S^1$ with base point $x_0$, and for $p \in S$, let $\gamma_p$ be the generator loop of the $p$-th circle. Then $\gamma_p$ is not null-homotopic."
The multiplicative equivalence (group isomorphism) between a free group $G$ and the free group generated by its set of generators $\text{Generators}(G)$. This isomorphism demonstrates that any free group is isomorphic to the free group constructed from its generators.,"**Theorem:** Let \( S \) be a set, and let \( X \) be the wedge sum of circles indexed by \( S \). Then \( \pi_1(X) \) is isomorphic to the free group \( F(S) \).

\boxed{\text{Let } S \text{ be a set, and let } X \text{ be the wedge sum of circles indexed by } S\text{. Then } \pi_1(X) \text{ is isomorphic to the free group } F(S).}"
"Given a group isomorphism $e \colon G \cong H$, if $G$ is a free group, then $H$ is also a free group.","The theorem restated in terms of fundamental groups is:

**Theorem:** Let \(X\) and \(Y\) be based topological spaces. If \(\pi_1(X)\) is free and \(\pi_1(X) \cong \pi_1(Y)\), then \(\pi_1(Y)\) is free.

\boxed{\text{Let } X \text{ and } Y \text{ be based topological spaces. If } \pi_1(X) \text{ is free and } \pi_1(X) \cong \pi_1(Y), \text{ then } \pi_1(Y) \text{ is free.}}"
"For any function $f \colon \alpha \to \beta$ and any element $x$ in the free group over $\alpha$, the homomorphism $\text{map}\ f$ applied to $x$ equals the homomorphism $\text{lift}\ (\text{of} \circ f)$ applied to $x$. That is, $\text{map}\ f\ x = \text{lift}\ (\text{of} \circ f)\ x$.","**Theorem:** For sets \( \alpha \) and \( \beta \), let \( X \) be the wedge sum of circles indexed by \( \alpha \) with \( \pi_1(X) \) free on \( \alpha \), and \( Y \) the wedge sum of circles indexed by \( \beta \) with \( \pi_1(Y) \) free on \( \beta \). For any function \( f: \alpha \to \beta \), let \( \phi: X \to Y \) be the continuous map sending each circle of \( a \in \alpha \) to the circle of \( f(a) \in \beta \) via the identity map. Then for any element \( x \in \pi_1(X) \), \( (\phi_*)(x) = (\operatorname{lift} (i_\beta \circ f))(x) \) where \( i_\beta: \beta \to \pi_1(Y) \) is the inclusion of generators and \( \operatorname{lift} \) denotes the unique homomorphism extension.

\boxed{\text{For sets } \alpha \text{ and } \beta\text{, let } X \text{ be the wedge sum of circles indexed by } \alpha \text{ with } \pi_1(X) \text{ free on } \alpha\text{, and } Y \text{ the wedge sum of circles indexed by } \beta \text{ with } \pi_1(Y) \text{ free on } \beta\text{. For any function } f: \alpha \to \beta\text{, let } \phi: X \to Y \text{ be the map sending each circle of } a \in \alpha \text{ to the circle of } f(a) \in \beta \text{ via the identity. Then for any } x \in \pi_1(X)\text{, } (\phi_*)(x) = (\operatorname{lift} (i_\beta \circ f))(x) \text{ where } i_\beta: \beta \to \pi_1(Y) \text{ is the inclusion and } \operatorname{lift} \text{ is the unique homomorphism extension.}}"
"For any two lists $L_1$ and $L_2$ representing words in the free group, if $L_1$ reduces to $L_2$ under the reflexive-transitive closure of the one-step reduction relation, then the length of $L_2$ is less than or equal to the length of $L_1$.","**Theorem:** Let \(\Gamma\) be a connected graph with basepoint \(v\). For any two edge-path loops \(\alpha\) and \(\beta\) based at \(v\), if \(\beta\) is obtained from \(\alpha\) by a finite sequence of operations each removing a pair of adjacent inverse edges, then the edge length of \(\beta\) is less than or equal to that of \(\alpha\)."
"For any generator $x$ in the free group construction, the word $[x]$ reduces to another word $L₁$ if and only if $L₁$ is equal to $[x]$.","**Theorem:** Let \(X\) be a wedge of circles. For any generator \(\gamma\) in \(\pi_1(X, x_0)\), the word \(\gamma\) reduces to \(w\) if and only if \(w = \gamma\)."
"For any words $L_1, L_2, L_3$ in the free group (represented as lists of pairs $(a, b)$ where $a$ is a generator and $b$ indicates inversion), if $L_1$ reduces to $L_2$ and $L_1$ reduces to $L_3$ under the reflexive-transitive closure of the free group reduction relation, then there exists a word $L_4$ such that both $L_2$ and $L_3$ reduce to $L_4$.","**Theorem:** Let \(X\) be a connected graph with base point \(x_0\). For any loop \(\gamma\) at \(x_0\), if \(\gamma\) reduces to \(\alpha\) and \(\gamma\) reduces to \(\beta\) under the reflexive-transitive closure of backtracking pair removal, then there exists a loop \(\delta\) at \(x_0\) such that \(\alpha\) reduces to \(\delta\) and \(\beta\) reduces to \(\delta\) under the same reduction."
"Given a free group basis $b \colon \iota \to G$ for a group $G$, the group $G$ is a free group. That is, there exists an isomorphism between $G$ and the free group generated by $\iota$.","**Theorem:** For a path-connected topological space \(X\) with basepoint \(x_0\), given a free group basis \(b: \iota \to \pi_1(X, x_0)\), then \(\pi_1(X, x_0)\) is a free group."
"Given a word $L₁$ in the free group represented as a list of pairs $(a, b)$ where $a$ is a generator and $b$ indicates inversion, the function returns the list of all words $L₂$ that can be obtained by reducing $L₁$ through cancellation of adjacent inverses. Specifically, it filters the sublists of $L₁$ to those that are related to $L₁$ by the reflexive-transitive closure of the one-step reduction relation.","**Theorem:** For a wedge of circles \(X\) with base point and a loop \(\gamma\) at the base point represented by a word \(L_1\), the set of words \(L_2\) such that \(L_1\) reduces to \(L_2\) by a sequence of adjacent inverse pair remov"
"For any two words $L₁$ and $L₂$ in a free group, if $L₁$ reduces to $L₂$ (denoted $L₁ \sim L₂$), then $L₁$ also reduces to the maximal reduction of $L₂$ (denoted $L₁ \sim \mathrm{reduce}(L₂)$).","**Theorem:** Let \(X\) be a wedge of finitely many circles with basepoint the wedge point. For any two based loops \(\gamma_1\) and \(\gamma_2\) in \(X\), if \(\gamma_1\) is homotopic to \(\gamma_2\) relative to the basepoint, then \(\gamma_1\) is homotopic to the reduced loop representing the homotopy class of \(\gamma_2\).

\boxed{\text{Let } X \text{ be a wedge of finitely many circles with basepoint the wedge point. For any two based loops } \gamma_1 \text{ and } \gamma_2 \text{ in } X, \text{ if } \gamma_1 \text{ is homotopic to } \gamma_2 \text{ relative to the basepoint, then } \gamma_1 \text{ is homotopic to the reduced loop representing the homotopy class of } \gamma_2.}"
